KIDZQUEST PARENTS' MAILING LIST AS OF  31 MARCH 2026,,
,Primary Contact Name,Email 
1,"
Kay Thi Khine","
khine86@gmail.com"
2,Abasiama Daniel ,"
johnsonabasiama170@gmail.com"
3,Alfred Natanael,"
alfred.christianto@gmail.com"
4,Anh Ngọc Nguyễn,"
nguyenanhngoc880402@gmail.com"
5,April Potot,"
april.potot@gmail.com"
6,Ariella Yoteni,"
ariella.yoteni@gmail.com"
7,Bukola Oke,kebukolah@gmail.com
8,Cao Van Lung,caovanlungpeter@gmail.com
9,Caroline Kugler,cmariekugler@gmail.com
10,Cee Jay,princejay4014@gmail.com
11,Cholong Baek,"
7426408@naver.com"
12,Christine Tumwine,"
christinetumwine@gmail.com"
13,David Chae,"
davidchae7@gmail.com"
14,Deborah Eiselstein,"
tazha1976@yahoo.com"
15,Della Yu,"
dellanev@yahoo.com"
16,Elbern Bersales,"
elbernbersales@gmail.com"
17,Elizabeth Blatchley,"
elizabethblatchley@gmail.com"
18,Elizabeth Kletzing,"
elizabeth.kletzing@gmail.com"
19,Ernalyn Fausto,"
ernalynfausto@gmail.com"
20,Eunique De armas,"
princesseunique31@gmail.com"
21,Florence Ogola,kanyidoto@yahoo.com
22,Gia Rootman,"
pdsdancestudio@gmail.com"
23,Giselle Henrique,"
henrique_giselle@yahoo.com.br"
24,Giselle Henrique,"
henrique_giselle@yahoo.com.br"
25,Grace Brannon ,grace.brannon@gmail.com
26,Hien,hoanghiembm@gmail.com
27,Hillyer Smith,"
leadleyconsulting@gmail.com"
28,Hoàng Lan,mshoanglan@gmail.com
29,Hung Bui,hungbui.penn@gmail.com
30,Huong Bennett,"
huonghd85@gmail.com"
31,Huy Le,"
huyln.bk@gmail.com"
32,Huyen Le,"
lethuyhuyen@gmail.com"
33,Hyoungsun Kim,"
epaphroditus70@gmail.com"
34,Inyene Udombat,"
inyeneudombat@gmail.com"
35,Irina Kravchenko,"
irina941213@gmail.com"
36,Isaiah Grey ,"
isaiahgrey@gmail.com"
37,Jason Lee,"
asyndeton2@gmail.com"
38,Jason Vu,"
Laura.jasonvu@hotmail.com"
39,Jayrbe Apilan,"jayrbe_apilan@yahoo.com
"
40,Jemima Dung,"
jemimadung@gmail.com"
41,Jenelle Lega,"
jillrxs@gmail.com"
42,Jeong hyun Kim,kimplus83@gmail.com
43,Jeremy Thiessen,"
jeremycth@yahoo.ca"
44,Johanna Manisto,mailboxjohanna@gmail.com
45,Jonah Payad,"
jo.payad@gmail.com"
46,Jonathan McDaniel,"
jon.mcdaniel@concordiahanoi.org"
47,Joseph Pham,"
joseph.pnc@gmail.com"
48,Judy Reyes,vkpo.jtorres10@gmail.com
49,Kasey Brubaker,"
kaseyjo10@gmail.com"
50,Kyoungsu Lee,"
qushin622@gmail.com"
51,Lena Zheng,lena.zt03@gmail.com
52,Leslie King,"
leslie.king@concordiahanoi.org"
53,Lihong Park,"
eera.park@gmail.com"
54,Luke Denness,11denness@gmail.com
55,Ly Nguyễn,lynguyen18.work@gmail.com
56,Lycah Macay,"
rglyca2003@gmail.com"
57,Marife Loyola,mafeployola79@gmail.com
58,Marine Archer,"
marinejordaan@gmail.com"
59,Mary Rufo,"
mmparagas19@gmail.com"
60,Mhatet Villezon,mhatet_conqueror@yahoo.com.ph
61,Natsuho Yamanokawa,quantity01701@gmail.com
62,Naz Adams,naz.cairncross@gmail.com
63,Ngoc Cuong Joseph Pham,"
joseph.pnc@gmail.com"
64,Nguyen Hoang,"
danya.finnegan@gmail.com"
65,Nguyễn Khánh Chi,khanhchi0708@gmail.com
66,Nickson Thambusamy,tnickson111@gmail.com
67,Oluwabukola Eso,hollamydeella@gmail.com
68,Pham Van Gioi,"
phamgioi.nd@gmail.com"
69,Philip Tinker ,philip.tinker@gmail.com
70,Philip Zarres,"
philip.m.zarres@gmail.com"
71,Que Anh Nhu,"
nhuqueanh@yahoo.com"
72,Rahel Wuger,rahelwu@psmail.com
73,Ramon Sirait ,ramonsirait76@gmail.com
74,Regina Stevens,"ar_stevens@icloud.com
"
75,Rianna Mohammed-Roberts,"
r.mohammedroberts@gmail.com"
76,Ronnil Lanaban,nhelmer26@gmail.com
77,Rosa Nguyen,"
tamkt0903@gmail.com"
78,Ruby Bui,"
ruby.bui.vn@gmail.com"
79,Seung Wan Kim,seungwan.kim@gmail.com
80,Shane Saw,"
sawshn@gmail.com"
81,Shirley Quinones,"
quinonesshirley35@gmail.com"
82,Sung Chang Rhim,"
scrhim.kdbc@gmail.com"
83,Taehoon Choi,"
ttaevv@naver.com"
84,Tam,tamkt0903@gmail.com
85,Tan Lee,"
letan711@gmail.com"
86,Tayuka Ngo,ttayuka@hotmail.com
87,Terri Pham,715phamily@gmail.com
88,Terry Chou,terry090769@gmail.com
89,Thang Nguyen ,thangnv77@gmail.com
90,Thanh Mai Trần,"
thanhmai1411@gmail.com"
91,Thanh Xuân,"
tranthanhxuan83tmh@gmail.com"
92,Thuong Pham,"
thuongpham20152018@gmail.com"
93,Thuy Nguyen,"
xhoneystarx@gmail.com"
94,Tiffany Hardegree,tmhardegree@gmail.com
95,Tim Middleton,beingtimothy@gmail.com
96,Tomi ,tomi@hif.vn
97,Trần My,"

myth5a09.hanu@gmail.com"
98,Tran Thanh Xuan,tranthanhxuan83tmh@gmail.com
99,Vần Giàng,"
hoanghienbm@gmail.com"
100,Veronica  Soares,"
veronicaduarte61@gmail.com"
101,Veronica Custodio,"
vheroncustodio@gmail.com"
102,Vinoth Jugunta,"
pinkn112@gmail.com"
103,Vu Bach Lien,vubachlien@gmail.com
104,Vũ Dũng,"
myanhclinic@gmail.com"
105,Vu Tran,"
vunashley@gmail.com"
106,Wayne Worrell,"
wayne_m_worrell@hotmail.com"
107,Yaejin Lee,"
jj78.lee@samsung.com"
108,Yvette Middle,yvette.huisamen@gmail.com
109,Yvette Middleton,yvette.huisamen@gmail.com
110,Zina Kim,zinainjx@gmail.com
,,
,,
,,
,,
,,
,,
,,
,,
,,
,,
,,
,,
,,
,,
,,
,,
,,
,,
,,
,,
,,
,,
,,
,,
,,
,,
,,
,,
,,
,,
,,
,,
,,
,,
,,
,,
,,
,,
,,
,,
,,
,,
,,
,,
,,
,,
,,
,,
,,
,,
,,
,,
,,
,,
,,
,,
,,
,,
,,
,,
,,
,,
,,
,,
,,
,,
,,
,,
,,
,,
,,
,,
,,
,,
,,
,,
,,
,,
,,
,,
,,
,,
,,
,,
,,
,,
,,
,,
,,
,,
,,
,,
,,
,,
,,
,,
,,
,,
,,
,,
,,
,,
,,
,,
,,
,,
,,
,,
,,
,,
,,
,,
,,
,,
,,
,,
,,
,,
,,
,,
,,
,,
,,
,,
,,
,,
,,
,,
,,
,,
,,
,,
,,
,,
,,
,,
,,
,,
,,
,,
,,
,,
,,
,,
,,
,,
,,
,,
,,
,,
,,
,,
,,
,,
,,
,,
,,
,,
,,
,,
,,
,,
,,
,,
,,
,,
,,
,,
,,
,,
,,
,,
,,
,,
,,
,,
,,
,,
,,
,,
,,
,,
,,
,,
,,
,,
,,
,,
,,
,,
,,
,,
,,
,,
,,
,,
,,
,,
,,
,,
,,
,,
,,
,,
,,
,,
,,
,,
,,
,,
,,
,,
,,
,,
,,
,,
,,
,,
,,
,,
,,
,,
,,
,,
,,
,,
,,
,,
,,
,,
,,
,,
,,
,,
,,
,,
,,
,,
,,
,,
,,
,,
,,
,,
,,
,,
,,
,,
,,
,,
,,
,,
,,
,,
,,
,,
,,
,,
,,
,,
,,
,,
,,
,,
,,
,,
,,
,,
,,
,,
,,
,,
,,
,,
,,
,,
,,
,,
,,
,,
,,
,,
,,
,,
,,
,,
,,
,,
,,
,,
,,
,,
,,
,,
,,
,,
,,
,,
,,
,,
,,
,,
,,
,,
,,
,,
,,
,,
,,
,,
,,
,,
,,
,,
,,
,,
,,
,,
,,
,,
,,
,,
,,
,,
,,
,,
,,
,,
,,
,,
,,
,,
,,
,,
,,
,,
,,
,,
,,
,,
,,
,,
,,
,,
,,
,,
,,
,,
,,
,,
,,
,,
,,
,,
,,
,,
,,
,,
,,
,,
,,
,,
,,
,,
,,
,,
,,
,,
,,
,,
,,
,,
,,
,,
,,
,,
,,
,,
,,
,,
,,
,,
,,
,,
,,
,,
,,
,,
,,
,,
,,
,,
,,
,,
,,
,,
,,
,,
,,
,,
,,
,,
,,
,,
,,
,,
,,
,,
,,
,,
,,
,,
,,
,,
,,
,,
,,
,,
,,
,,
,,
,,
,,
,,
,,
,,
,,
,,
,,
,,
,,
,,
,,
,,
,,
,,
,,
,,
,,
,,
,,
,,
,,
,,
,,
,,
,,
,,
,,
,,
,,
,,
,,
,,
,,
,,
,,
,,
,,
,,
,,
,,
,,
,,
,,
,,
,,
,,
,,
,,
,,
,,
,,
,,
,,
,,
,,
,,
,,
,,
,,
,,
,,
,,
,,
,,
,,
,,
,,
,,
,,
,,
,,
,,
,,
,,
,,
,,
,,
,,
,,
,,
,,
,,
,,
,,
,,
,,
,,
,,
,,
,,
,,
,,
,,
,,
,,
,,
,,
,,
,,
,,
,,
,,
,,
,,
,,
,,
,,
,,
,,
,,
,,
,,
,,
,,
,,
,,
,,
,,
,,
,,
,,
,,
,,
,,
,,
,,
,,
,,
,,
,,
,,
,,
,,
,,
,,
,,
,,
,,
,,
,,
,,
,,
,,
,,
,,
,,
,,
,,
,,
,,
,,
,,
,,
,,
,,
,,
,,
,,
,,
,,
,,
,,
,,
,,
,,
,,
,,
,,
,,
,,
,,
,,
,,
,,
,,
,,
,,
,,
,,
,,
,,
,,
,,
,,
,,
,,
,,
,,
,,
,,
,,
,,
,,
,,
,,
,,
,,
,,
,,
,,
,,
,,
,,
,,
,,
,,
,,
,,
,,
,,
,,
,,
,,
,,
,,
,,
,,
,,
,,
,,
,,
,,
,,
,,
,,
,,
,,
,,
,,
,,
,,
,,
,,
,,
,,
,,
,,
,,
,,
,,
,,
,,
,,
,,
,,
,,
,,
,,
,,
,,
,,
,,
,,
,,
,,
,,
,,
,,
,,
,,
,,
,,
,,
,,
,,
,,
,,
,,
,,
,,
,,
,,
,,
,,
,,
,,
,,
,,
,,
,,
,,
,,
,,
,,
,,
,,
,,
,,
,,
,,
,,
,,
,,
,,
,,
,,
,,
,,
,,
,,
,,
,,
,,
,,
,,
,,
,,
,,
,,
,,
,,
,,
,,
,,
,,
,,
,,
,,
,,
,,
,,
,,
,,
,,
,,
,,
,,
,,
,,
,,
,,
,,
,,
,,
,,
,,
,,
,,
,,
,,
,,
,,
,,
,,
,,
,,
,,
,,
,,
,,
,,
,,
,,
,,
,,
,,
,,
,,
,,
,,
,,
,,
,,
,,
,,
,,
,,
,,
,,
,,
,,
,,
,,
,,
,,
,,
,,
,,
,,
,,
,,
,,
,,
,,
,,
,,
,,
,,
,,
,,
,,
,,
,,
,,
,,
,,
,,
,,
,,
,,
,,
,,
,,
,,
,,
,,
,,
,,
,,
,,
,,
,,
,,
,,
,,
,,
,,
,,
,,
,,
,,
,,
,,
,,
,,
,,
,,
,,
,,
,,
,,
,,
,,
,,
,,
,,
,,
,,
,,
,,
,,
,,
,,
,,
,,
,,
,,
,,
,,
,,
,,
,,
,,
,,
,,
,,
,,
,,
,,
,,
,,
,,
,,
,,
,,
,,
,,
,,
,,
,,
,,
,,
,,
,,
,,
,,
,,
,,
,,
,,
,,
,,
,,
,,
,,
,,
,,
,,
,,
,,
,,
,,
,,
,,
,,
,,
,,
,,
,,
,,
,,
,,
,,
,,
,,
,,
,,
,,
,,
,,
,,
,,
,,
,,
,,
,,
,,
,,
,,
,,
,,
,,
,,
,,
,,
,,
,,
,,
,,
,,
,,
,,
,,
,,
,,
,,
,,
,,
,,
,,
,,
,,
,,
,,
,,
,,
,,
,,
,,
,,
,,
,,
,,
,,
,,
,,
,,
,,
,,
,,
,,
,,
,,
,,
,,
,,
,,
,,
,,
,,
,,
,,
,,
,,
,,
,,
,,
,,
,,
,,
,,
,,
,,
,,
,,
,,
,,
,,
,,
,,
,,
,,
,,
,,
,,
,,
,,
,,
,,
,,
,,
,,
,,
,,
,,
,,
,,
,,
,,
,,
,,
,,
,,
,,
,,
,,
,,
,,
,,
,,
,,
,,
,,
,,
,,
,,
,,
,,
,,
,,
,,
,,
,,
,,
,,
,,
,,
,,
,,
,,
,,
,,
,,
,,
,,
,,
,,
,,
,,
,,
,,
,,
,,
,,
,,
,,
,,
,,
,,
,,
,,
,,
,,
,,
,,
,,
,,
,,
,,
,,
,,
,,
,,
,,
,,
,,
,,
,,
,,
,,
,,
,,
,,
,,
,,
,,
,,
,,
,,
,,
